<?xml version="1.0" encoding="UTF-8"?><resource xmlns="http://datacite.org/schema/kernel-3" xmlns:xsi="http://www.w3.org/2001/XMLSchema-instance" xsi:schemaLocation="http://datacite.org/schema/kernel-3 http://schema.datacite.org/meta/kernel-3/metadata.xsd"><identifier identifierType="DOI">10.5072/FK2X92QFP</identifier><creators><creator><creatorName>Beylkin, Gregory</creatorName></creator><creator><creatorName>Mohlenkamp, Martin J.</creatorName></creator><creator><creatorName>Pérez, Fernando</creatorName><nameIdentifier nameIdentifierScheme="ORCID" schemeURI="https://raw.github.com/ORCID/ORCID-Source/master/orcid-model/src/main/resources/orcid-message-1.1.xsd">0000-0002-1725-9815</nameIdentifier></creator></creators><titles><title>Approximating a wavefunction as an unconstrained sum of Slater determinants: dataset</title></titles><publisher>UCB</publisher><publicationYear>2008</publicationYear><subjects><subject>Wavefunction</subject></subjects><dates><date dateType="Available">2008</date></dates><resourceType resourceTypeGeneral="Dataset">Dataset</resourceType><relatedIdentifiers><relatedIdentifier relatedIdentifierType="DOI" relationType="References">10.1063/1.2873123</relatedIdentifier></relatedIdentifiers><descriptions><description descriptionType="Abstract">The wavefunction for the multiparticle Schröger equation is a function of many variables and satisfies an antisymmetry condition, so it is natural to approximate it as a sum of Slater determinants. Many current methods do so, but they impose additional structural constraints on the determinants, such as orthogonality between orbitals or an excitation pattern. We present a method without any such constraints, by which we hope to obtain much more efficient expansions and insight into the inherent structure of the wavefunction. We use an integral formulation of the problem, a Green's function iteration, and a fitting procedure based on the computational paradigm of separated representations. The core procedure is the construction and solution of a matrix-integral system derived from antisymmetric inner products involving the potential operators. We show how to construct and solve this system with computational complexity competitive with current methods.</description><description descriptionType="Abstract"/></descriptions></resource>