<?xml version="1.0" encoding="UTF-8"?>
<resource xmlns="http://datacite.org/schema/kernel-3" xmlns:xsi="http://www.w3.org/2001/XMLSchema-instance" xsi:schemaLocation="http://datacite.org/schema/kernel-3 http://schema.datacite.org/meta/kernel-3/metadata.xsd">
<identifier identifierType="DOI">10.5072/FK2NS1727</identifier>
<creators>
<creator>
<creatorName>Shim, Jiwon</creatorName>
</creator>
<creator>
<creatorName>Gururaja-Rao, Shubha</creatorName>
</creator>
<creator>
<creatorName>Banerjee, Utpal</creatorName>
</creator>
</creators>
<titles>
<title>Nutritional regulation of stem and progenitor cells in Drosophila: Dataset</title>
</titles>
<publisher>UCLA</publisher>
<publicationYear>2013</publicationYear>
<subjects>
<subject>Drosophila</subject>
<subject>Amino acid sensing</subject>
<subject>Germline stem cell</subject>
<subject>Hematopoietic progenitor cell</subject>
<subject>Neural stem cell</subject>
<subject>Nutritional control</subject>
</subjects>
<resourceType resourceTypeGeneral="Dataset">dataset</resourceType>
<relatedIdentifiers>
<relatedIdentifier relatedIdentifierType="PMID" relationType="References">24255094</relatedIdentifier>
</relatedIdentifiers>
<descriptions>
<description descriptionType="Abstract">Stem cells and their progenitors are maintained within a microenvironment, termed the niche, through local cell-cell communication. Systemic signals originating outside the niche also affect stem cell and progenitor behavior. This review summarizes studies that pertain to nutritional effects on stem and progenitor cell maintenance and proliferation in Drosophila. Multiple tissue types are discussed that utilize the insulin-related signaling pathway to convey nutritional information either directly to these progenitors or via other cell types within the niche. The concept of systemic control of these cell types is not limited to Drosophila and may be functional in vertebrate systems, including mammals.</description>
</descriptions>
</resource>