<?xml version="1.0" encoding="UTF-8"?>
<resource xmlns="http://datacite.org/schema/kernel-3" xmlns:xsi="http://www.w3.org/2001/XMLSchema-instance" xsi:schemaLocation="http://datacite.org/schema/kernel-3 http://schema.datacite.org/meta/kernel-3/metadata.xsd">
<identifier identifierType="DOI">10.5072/FK21Z4HK0</identifier>
<creators>
<creator>
<creatorName>Bloom, Joshua S.</creatorName>
</creator>
<creator>
<creatorName>Kasen, Daniel</creatorName>
</creator>
<creator>
<creatorName>Shen, Ken J.</creatorName>
</creator>
<creator>
<creatorName>Nugent, Peter E.</creatorName>
</creator>
<creator>
<creatorName>Butler, Nathaniel R.</creatorName>
</creator>
<creator>
<creatorName>Graham, Melissa L.</creatorName>
<nameIdentifier nameIdentifierScheme="ORCID" schemeURI="http://schema.datacite.org/meta/kernel-3/metadata.xsd">0000-0002-0927-0002</nameIdentifier>
</creator>
</creators>
<titles>
<title>A Compact Degenerate Primary-star Progenitor OF SN 2011fe: Primary Radius and Density Constraints</title>
</titles>
<publisher>UCB</publisher>
<publicationYear>2011</publicationYear>
<subjects>
<subject>White dwarf</subject>
<subject>Supernova</subject>
</subjects>
<dates>
<date dateType="Collected">2011</date>
</dates>
<resourceType resourceTypeGeneral="Dataset">Dataset</resourceType>
<relatedIdentifiers>
<relatedIdentifier relatedIdentifierType="DOI" relationType="References">10.1088/2041-8205/744/2/L17</relatedIdentifier>
</relatedIdentifiers>
<descriptions>
<description descriptionType="Abstract">While a white dwarf (WD) is, from a theoretical perspective, the most plausible primary star of a Type Ia supernova (SN Ia), many other candidates have not been formally ruled out. Shock energy deposited in the envelope of any exploding primary contributes to the early SN brightness and, since this radiation energy is degraded by expansion after the explosion, the diffusive luminosity depends on the initial primary radius. We present a new non-detection limit of the nearby SN Ia 2011fe, obtained at a time that appears to be just 4 hr after explosion, allowing us to directly constrain the initial primary radius (Rp). Coupled with the non-detection of a quiescent X-ray counterpart and the inferred synthesized 56Ni mass, we show that Rp lesssim 0.02 R (a factor of five smaller than previously inferred), that the average density of the primary must be ρp &gt; 104 g cm−3, and that the effective temperature must be less than a few × 105 K. This rules out hydrogen-burning main-sequence stars and giants. Constructing the helium-burning and carbon-burning main sequences, we find that such objects are also excluded. By process of elimination, we find that only degeneracy-supported compact objects—WDs and neutron stars—are viable as the primary star of SN 2011fe. With few caveats, we also restrict the companion (secondary) star radius to Rc lesssim 0.1R, excluding Roche-lobe overflowing red giant and main-sequence companions to high significance.</description>
<description descriptionType="Methods">We thank Eliot Quataert, Alex Filippenko, Lars Bildsten, Weidong Li, William Lee, and Philipp Podsiadlowski for helpful discussions and comments. J.S.B. acknowledges support from NSF/CDI grant 0941742 and from NSF/AST grant 100991. D.K. and P.E.N. acknowledge support from the US Department of Energy Scientific Discovery through Advanced Computing program under contract DE-FG02-06ER06-04.</description>
</descriptions>
</resource>