<?xml version="1.0" encoding="UTF-8"?><resource xmlns="http://datacite.org/schema/kernel-3" xmlns:xsi="http://www.w3.org/2001/XMLSchema-instance" xsi:schemaLocation="http://datacite.org/schema/kernel-3 http://schema.datacite.org/meta/kernel-3/metadata.xsd"><identifier identifierType="DOI">10.7272/Q6H41PB7</identifier><creators><creator><creatorName>Zhang, Yu</creatorName></creator><creator><creatorName>Schuff, Norbert</creatorName></creator><creator><creatorName>Woolley, Susan</creatorName></creator><creator><creatorName>Chiang, Gloria</creatorName></creator><creator><creatorName>Boreta, Lauren</creatorName></creator><creator><creatorName>Laxamana, Joel</creatorName></creator><creator><creatorName>Katz, Jonathon</creatorName></creator><creator><creatorName>Weiner, Michael W.</creatorName></creator></creators><titles><title>Progression of white matter degeneration in amyotrophic lateral sclerosis: A diffusion tensor imaging study</title></titles><publisher>University of California, San Francisco</publisher><publicationYear>2012</publicationYear><subjects><subject subjectScheme="MeSH" schemeURI="http://www.nlm.nih.gov/mesh/">Adult</subject><subject subjectScheme="MeSH" schemeURI="http://www.nlm.nih.gov/mesh/">Human</subject><subject subjectScheme="MeSH" schemeURI="http://www.nlm.nih.gov/mesh/">Magnetic Resonance Imaging</subject><subject subjectScheme="MeSH" schemeURI="http://www.nlm.nih.gov/mesh/">Diffusion Magnetic Resonance Imaging</subject><subject subjectScheme="MeSH" schemeURI="http://www.nlm.nih.gov/mesh/">Brain</subject><subject subjectScheme="MeSH" schemeURI="http://www.nlm.nih.gov/mesh/">Amyotropic Lateral Sclerosis</subject><subject subjectScheme="MeSH" schemeURI="http://www.nlm.nih.gov/mesh/">Disease Progression</subject><subject subjectScheme="MeSH" schemeURI="http://www.nlm.nih.gov/mesh/">Longitudinal</subject><subject subjectScheme="MeSH" schemeURI="http://www.nlm.nih.gov/mesh/">Nerve Degeneration</subject><subject subjectScheme="MeSH" schemeURI="http://www.nlm.nih.gov/mesh/">Nerve Fibers</subject><subject subjectScheme="MeSH" schemeURI="http://www.nlm.nih.gov/mesh/">Pyramidal tract</subject></subjects><contributors><contributor contributorType="ResearchGroup"><contributorName>UCSF Center for Imaging of Neurodegenerative Diseases</contributorName></contributor></contributors><resourceType resourceTypeGeneral="Dataset">application/octet-stream</resourceType><relatedIdentifiers><relatedIdentifier relatedIdentifierType="PMID" relationType="References">21760989</relatedIdentifier></relatedIdentifiers><descriptions><description descriptionType="Abstract">Whether longitudinal diffusion tensor MRI imaging (DTI) can capture disease progression in patients with amyotrophic lateral sclerosis (ALS) is unclear. The primary goal of this study was to determine if DTI detects progression of the corticospinal tracts (CST) degeneration in ALS. Seventeen ALS patients and 19 age- and gender-matched healthy controls were scanned with DTI at baseline for cross-sectional analyses. For longitudinal analyses, the ALS patients had repeat DTI scans after eight months. Tractography of the CST was used to guide regions-of-interest (ROI) analysis and complemented by a voxelwise analysis. Cross-sectional study found that baseline FA of the right superior CST was markedly reduced in ALS patients compared to controls. The FA reductions in this region correlated with the disease severity in ALS patients. Longitudinal study found that FA change rate of the right superior CST significantly declined over time. In conclusion, longitudinal DTI study captures progression of upper motor fiber degeneration in ALS. DTI can be useful for monitoring ALS progression and efficacy of treatment interventions.</description><description descriptionType="Methods">The dataset available here consists of Fractional Anisotropy (FA), and Mean Diffusivity (MD) images as well as subject-study-specific normalization images (B0, see methods in paper) in Analyze format. There are B0, FA, and MD images for 53 subjects, and a spreadsheet describing each subject's age (at time of scan), gender, and diagnosis (ALS or Control). For ALS subjects, there are two timepoints (duration between timepoints is indicated) as well as additional info including ALS subtype, side at onset, and scores on the Amyotrophic Lateral Sclerosis Functional Rating Scale–revised (ALSFRSr).</description></descriptions></resource>