<?xml version="1.0" encoding="UTF-8"?>
<resource xmlns="http://datacite.org/schema/kernel-3" xmlns:xsi="http://www.w3.org/2001/XMLSchema-instance" xsi:schemaLocation="http://datacite.org/schema/kernel-3 http://schema.datacite.org/meta/kernel-3/metadata.xsd">
<identifier identifierType="DOI">10.5072/FK2SJ1ZSH</identifier>
<creators>
<creator>
<creatorName>Sölander, Kimmen</creatorName>
</creator>
</creators>
<titles>
<title>Phylogenomic inference of protein molecular function: supplementary data</title>
</titles>
<publisher>UCB</publisher>
<publicationYear>2003</publicationYear>
<subjects>
<subject>Protein</subject>
<subject>Phylogenomic analysis</subject>
</subjects>
<dates>
<date dateType="Accepted">2003</date>
</dates>
<relatedIdentifiers>
<relatedIdentifier relatedIdentifierType="DOI" relationType="References">10.1093/bioinformatics/bth021</relatedIdentifier>
</relatedIdentifiers>
<descriptions>
<description descriptionType="Abstract">Protein families evolve a multiplicity of functions through gene duplication, speciation and other processes. As a number of studies have shown, standard methods of protein function prediction produce systematic errors on these data. Phylogenomic analysis--combining phylogenetic tree construction, integration of experimental data and differentiation of orthologs and paralogs--has been proposed to address these errors and improve the accuracy of functional classification. The explicit integration of structure prediction and analysis in this framework, which we call structural phylogenomics, provides additional insights into protein superfamily evolution.</description>
<description descriptionType="Methods"> Results of protein functional classification using phylogenomic analysis show fewer expected false positives overall than when pairwise methods of functional classification are employed. We present an overview of the motivations and fundamental principles of phylogenomic analysis, new methods developed for the key tasks, benchmark datasets for these tasks (when available) and suggest procedures to increase accuracy. We also discuss some of the methods used in the Celera Genomics high-throughput phylogenomic classification of the human genome.</description>
</descriptions>
</resource>