<?xml version="1.0" encoding="UTF-8"?>
<resource xmlns="http://datacite.org/schema/kernel-3" xmlns:xsi="http://www.w3.org/2001/XMLSchema-instance" xsi:schemaLocation="http://datacite.org/schema/kernel-3 http://schema.datacite.org/meta/kernel-3/metadata.xsd">
<identifier identifierType="DOI">10.5072/FK2J10G9Z</identifier>
<creators>
<creator>
<creatorName>Sun, Ze-Yang</creatorName>
</creator>
<creator>
<creatorName>Wu, Gang</creatorName>
</creator>
<creator>
<creatorName>Wu, Zhi-Shen</creatorName>
</creator>
<creator>
<creatorName>Zhang, Jian</creatorName>
</creator>
</creators>
<titles>
<title>Nonlinear Behavior and Simulation of Concrete Columns Reinforced by Steel-FRP Composite Bars: Dataset</title>
</titles>
<publisher>UCLA</publisher>
<publicationYear>2014</publicationYear>
<subjects>
<subject subjectScheme="ASCE" schemeURI="http://cedb.asce.org/subjlst.html">Fiber reinforced polymer</subject>
<subject subjectScheme="ASCE" schemeURI="http://cedb.asce.org/subjlst.html">Concrete columns</subject>
<subject subjectScheme="ASCE" schemeURI="http://cedb.asce.org/subjlst.html">Ground motion</subject>
<subject subjectScheme="ASCE" schemeURI="http://cedb.asce.org/subjlst.html">Displacement</subject>
<subject subjectScheme="ASCE" schemeURI="http://cedb.asce.org/subjlst.html">Simulation</subject>
<subject subjectScheme="ASCE" schemeURI="http://cedb.asce.org/subjlst.html">Non-linear response</subject>
</subjects>
<resourceType resourceTypeGeneral="Dataset">dataset</resourceType>
<relatedIdentifiers>
<relatedIdentifier relatedIdentifierType="DOI" relationType="References">10.1061/(ASCE)BE.1943-5592.0000515</relatedIdentifier>
</relatedIdentifiers>
<descriptions>
<description descriptionType="Abstract">Steel-fiber-reinforced polymer (FRP) composite bars (SFCBs) have been proposed as a new form of reinforcement for concrete structural elements, such as bridge columns. SFCBs have high initial elastic stiffness provided by the inner steel bars before yielding, positive postyield stiffness owing to the outer FRP after the inner steel bars yield, and superior anticorrosion performance. Furthermore, the postyield stiffness of SFCBs can be fully tailored by changing the steel-to-FRP ratio. Consequently, concrete columns reinforced by SFCBs have exhibited good initial stiffness and stable postyield stiffness experimentally. One potential benefit of the stable and designable postyield stiffness exhibited by SFCB-reinforced columns is to reduce the residual displacement, which is a vital index for evaluating the postearthquake recoverability of bridges. In this paper, the mechanical properties of SFCBs and pushover behavior of concrete columns reinforced by SFCBs are first simulated numerically and validated with experimental results. The influence of FRP types is further evaluated in terms of column deformation capacity. Concrete columns reinforced by steel-basalt FRP composite bars (SBFCBs) demonstrate a better performance-to-cost ratio than that of steel-carbon FRP composite bars (SCFCBs). Nonlinear dynamic analyses of SFCB columns are subsequently conducted under a suite of near-fault ground motions with noticeable acceleration and velocity pulses. The numerical results show that the residual displacement is closely correlated with the peak ground velocity (PGV) and that it decreases with an increase in the postyield stiffness ratio rsf, whereas the peak drift of columns stays almost the same. Finally, a design equation for residual displacement is updated with a drift-dependent displacement coefficient.</description>
<description descriptionType="Abstract"/>
</descriptions>
</resource>